sharpe,return_std,volume_sum
2.427096248937609,104.65180361560904,508
,,330
,,140
,,182
